{"cameraMode":{"drawMode":0,"name":"Shaded","section":"Shading Mode"},"sceneLighting":false,"audioPlay":false,"sceneViewState":{"showFog":true,"showMaterialUpdate":false,"showSkybox":true,"showFlares":true,"showImageEffects":true,"showParticleSystems":true},"in2DMode":false,"pivot":{"x":2.107522964477539,"y":1.4891729354858399,"z":-13.942564010620118},"rotation":{"x":-0.20130689442157746,"y":-0.2348831593990326,"z":0.049538761377334598,"w":-0.949739396572113},"size":19.55072784423828,"orthographic":false}